Question,Answer
1. **Q1**: Why is correlation considered a common tool in statistics for describing simpler relationships without making a statement about cause and effect?,"Correlation is considered a common tool in statistics for describing simpler relationships without making a statement about cause and effect because it measures the strength and direction of a linear relationship between two variables. It provides a quantitative measure that indicates whether two variables are related, but it does not imply any causal connection between them. This makes it useful in understanding and exploring relationships without delving into the underlying mechanisms that might explain those relationships."
"2. **Q2**: What are the ranges of correlation coefficients, and what do values of 0, 1, and -1 indicate about the relationship between two variables?","Values of correlation coefficients range from -1 to 1. 

- A value of 0 indicates that there is no linear relationship between the two variables. They do not move together in any consistent way.
- A value of 1 indicates a perfect positive linear relationship, meaning that as one variable increases, the other variable also increases in a perfectly consistent manner.
- A value of -1 indicates a perfect negative linear relationship, meaning that as one variable increases, the other variable decreases in a perfectly consistent manner."
"3. **Q3**: How can correlation be used to identify the relationship between two variables, and what is the significance of understanding this relationship in complex systems?","Correlation is a statistical measure that helps identify the relationship between two variables by assessing the degree to which they move in relation to each other. Specifically, it quantifies the strength and direction of the linear association between the variables. In simpler terms, correlation can tell you if there is a pattern or connection between the two variables.

1. **Identifying Relationships**: Correlation can be used to determine whether there is a relationship between two variables at all. If the correlation coefficient is close to 1 or -1, it indicates a strong linear relationship. A value of 0 suggests no linear relationship. This is important because it allows you to understand the nature of the connection between the variables.

2. **Understanding Complex Systems**: In complex systems, understanding the relationship between different factors can be crucial for making informed decisions. For instance, in business, identifying how advertising spending affects sales can help in strategic planning. In medicine, understanding the relationship between risk factors and diseases can aid in public health initiatives. By identifying correlations, you can gain insights into how changes in one variable might impact another, which is essential for effective decision-making and resource allocation.

3. **Making Predictions**: If there is a strong correlation between two variables, you can use one variable to predict the other. This is particularly useful in fields like finance for portfolio management, where diversification is key to reducing risk. In psychology, understanding correlations can help in developing better assessments and treatments for mental disorders by identifying patterns in behavior and symptoms.

4. **Developing Causal Models**: While correlation does not imply causation, it can be a starting point for developing causal models. These models help explain how changes in one variable lead to changes in another. This is vital for interventions and policies that aim to affect specific outcomes.

In summary, correlation helps bridge the gap between theoretical understanding and practical application by identifying relationships and patterns, which are fundamental for making predictions and developing strategies in complex systems. Understanding these relationships allows for more effective and data-driven decision-making."
"4. **Q4**: What are some specific fields where correlation is particularly important, such as business, finance, medicine, and psychology? Provide examples of how it can be applied in these domains.","In the business domain, correlation can be extremely important for identifying relationships between different variables such as advertising spending and sales. For instance, a marketing manager might use correlation to determine if increased advertising spending correlates with higher sales. This information could then be used to decide how much money to allocate towards advertising. A financial analyst could apply correlation to identify the relationship between the returns of different stocks, helping to build a diversified portfolio that reduces overall risk. In medicine, correlation can reveal how smoking and lung cancer are related. This information could guide public health campaigns to discourage smoking. In psychology, correlation can show how anxiety and depression are related, aiding in the development of more effective treatments for these mental health issues."
"5. **Q5**: What are some real-world applications of correlation, as discussed in the text, and how can they help in decision-making and risk management?","The text discusses several real-world applications of correlation in various fields, highlighting its importance in decision-making and risk management. Here's a summary of these applications and how they can be beneficial:

1. **Marketing**:
   - **Advertisements and Sales**: Correlation helps marketers identify the relationship between advertising spending and sales. By understanding this relationship, they can make informed decisions about how much to allocate to advertising.
   - **Decision Making**: Insights from correlation can guide budgeting decisions, helping to allocate resources effectively based on the expected impact on sales.

2. **Finance**:
   - **Stock Returns**: Correlation allows financial analysts to identify how different stocks perform together. This can lead to the creation of diversified portfolios that minimize risk.
   - **Risk Management**: By understanding correlations between assets, investors can build portfolios that are more resilient to market fluctuations.

3. **Healthcare**:
   - **Disease Risk Factors and Treatments**: Correlation helps in identifying the relationship between risk factors for diseases and the effectiveness of treatments. This information can guide public health initiatives and improve patient outcomes.
   - **Disease Prevention**: Understanding correlations can lead to targeted interventions and preventive measures, thereby reducing the incidence of diseases.

4. **Psychology**:
   - **Anxiety and Depression**: Correlation can reveal the relationship between anxiety and depression, aiding in the development of more effective treatments and assessments.
   - **Behavioral Insights**: Insights from correlation can inform psychological assessments and interventions, improving the quality of mental health services.

In each of these fields, correlation serves as a foundational tool. It helps in identifying patterns and relationships that might not be immediately apparent, providing valuable insights for strategic decisions and risk management. For instance, in finance, correlations can highlight potential risks and opportunities, helping in constructing more stable and efficient portfolios. In marketing, they guide resource allocation to maximize returns. In healthcare, they support evidence-based approaches to treatment and prevention. In psychology, they facilitate the development of tailored interventions. Overall, correlation is a versatile tool that enhances understanding and decision-making processes across various domains."
"6. **Q6**: What is the distinction between correlation and causation, and how does it apply to the example of ice cream sales and shark attacks?","Correlation and causation are two closely related but distinct concepts in statistics. Correlation refers to a statistical measure that expresses the degree to which two variables are linearly related, meaning that changes in one variable are associated with changes in another. However, correlation does not imply a direct cause-and-effect relationship between the variables. 

In the example of ice cream sales and shark attacks, the data shows a strong correlation between them, meaning they tend to occur together often. However, this does not mean that eating ice cream causes shark attacks. Instead, there could be a third variable, such as increased heat due to hot weather, which is a common factor that leads to both higher ice cream sales and increased shark attacks. 

This distinction is important because it helps researchers and analysts avoid making incorrect assumptions that can lead to misguided conclusions. Just because two variables are correlated, it doesn't mean that one causes the other. Identifying the underlying factors can be crucial for developing effective strategies and interventions. In this context, understanding the third variable helps explain the relationship and can inform public health campaigns to address both issues."
7. **Q7**: Why is correlation important in the context of making predictions and developing causal models? Provide examples from the text.,"Correlation is important in the context of making predictions and developing causal models because it can be used as a starting point for these tasks. For instance, correlation can help identify whether there is a relationship between two variables, such as advertising spending and sales, which can then be used to predict sales based on advertising budgets. This is particularly useful in fields like business and finance where understanding these relationships can lead to better decisions and strategies. For example, a marketing manager might use correlation to determine how much money should be allocated to advertising based on the relationship between advertising spending and sales. Similarly, in finance, identifying the relationship between the returns of different stocks can help in building a diversified portfolio that reduces overall risk. By understanding correlations, analysts can develop models that more accurately predict outcomes and propose interventions to influence specific variables, such as public health campaigns that aim to discourage smoking based on a correlation between smoking and lung cancer."
"8. **Q8**: In what ways can the use of correlation in statistics improve outcomes in various fields, such as business, finance, medicine, and psychology?","The use of correlation in statistics significantly improves outcomes across various fields such as business, finance, medicine, and psychology through several key mechanisms:

1. **Identifying Relationships:**
   - **Business:** In marketing, understanding the relationship between advertising spending and sales helps businesses allocate resources more effectively, maximizing the impact of marketing efforts.
   - **Finance:** In finance, identifying correlations between different assets (e.g., stocks, bonds) aids in building diversified portfolios that reduce overall risk, enhancing investment stability.
   - **Medicine:** In medical research, identifying correlations between risk factors and diseases helps in developing targeted prevention and treatment strategies.
   - **Psychology:** In psychology, understanding relationships between psychological variables aids in developing more effective assessments and treatments for mental health conditions.

2. **Making Predictions:**
   - In all fields, strong correlations allow for predictions based on one variable to estimate the value of another. For example, predicting sales based on advertising spending or the effectiveness of a treatment based on correlation can inform strategic decisions and interventions.

3. **Developing Causal Models:**
   - Correlation provides a starting point for causal models, which help in making more accurate predictions and designing interventions. For instance, identifying a correlation between smoking and lung cancer can inform public health campaigns to reduce smoking rates.

4. **Resource Allocation and Decision-Making:**
   - Accurate correlation analysis helps in making informed decisions, whether it's deciding how much to invest in a marketing campaign or choosing the right assets to diversify a portfolio. In healthcare, understanding correlations can lead to better treatment protocols and public health policies.

5. **Enhancing Outcomes:**
   - By identifying and leveraging correlations, these fields can improve outcomes by optimizing resources, reducing risks, and tailoring interventions to specific needs. For example, in business, targeted marketing can lead to increased sales, and in medicine, personalized treatments can lead to better health outcomes.

Overall, correlation is a powerful tool that enables better understanding and management of complex systems, leading to more informed and effective decision-making."
9. **Q9**: How might a marketing manager use correlation to make informed business decisions regarding advertising spending based on sales data?,"A marketing manager can use correlation to identify the relationship between advertising spending and sales by examining the correlation coefficient between these two variables. If there is a strong positive correlation, it suggests that as advertising spending increases, sales also tend to increase. This information can help the manager decide how much to allocate to advertising. For example, if there's a high positive correlation, the manager might increase the advertising budget in the months when sales are low to boost revenue. Conversely, if there's little to no correlation, the manager might need to reconsider the budget allocation to ensure the investment in advertising is effective."
"10. **Q10**: What role does correlation play in the development of diversified portfolios in finance, and how can it be used to reduce overall risk?","In finance, correlation plays a crucial role in the development of diversified portfolios by allowing investors to identify and manage the relationships between different financial assets. This is particularly important for reducing overall risk through diversification.

Here's how correlation can be used to reduce risk:

1. **Identifying Correlated Assets**: By analyzing the correlation coefficients between various financial assets, investors can identify pairs or groups of assets that tend to move in the same direction. These assets are said to be ""correlated."" For example, if two stocks, Stock A and Stock B, are highly correlated, they often move similarly in response to market changes.

2. **Building Diversified Portfolios**: Investors can construct portfolios by combining assets that are less correlated. The goal is to minimize the overall risk because, when one asset's performance is negatively affected, the performance of other assets in the portfolio tends to balance it out. This diversification can help in reducing unsystematic risk, which is the risk specific to individual securities.

3. **Diversification Benefits**: When assets are correlated, the positive performance of one asset can offset the negative performance of another. For instance, if Stock A performs well, it might also perform well if Stock B does, thereby mitigating losses. Conversely, if Stock A performs poorly, Stock B might perform better, balancing out the portfolio's overall risk.

4. **Risk Management**: Diversification helps in reducing the impact of market fluctuations on a portfolio. By holding a mix of highly correlated and less correlated assets, investors can create a more stable portfolio. This is particularly useful during market downturns when some assets might decline significantly, while others might rise.

5. **Optimal Asset Allocation**: Correlation helps in determining the optimal allocation of assets. The correlation matrix provides insights into how assets move together, which aids in deciding the proportion of each asset in the portfolio to achieve the desired risk-return profile.

6. **Portfolio Rebalancing**: Regularly monitoring and adjusting the portfolio based on changes in correlations can help maintain the desired risk level. As correlations change over time, rebalancing can help keep the portfolio aligned with the investor's risk tolerance and investment goals.

In summary, correlation is a fundamental tool in finance for constructing diversified portfolios that can effectively reduce overall risk by leveraging the potential offsetting movements of assets. By understanding and utilizing this relationship, investors can make more informed decisions to build resilient and efficient portfolios."
